,0
AlfredoSauce,4
Anchovies,4
Artichoke,4
Artichokes,20
Arugula,4
AsiagoCheese,12
Bacon,8
BarbecueSauce,4
BarbecuedChicken,4
BeefChuckRoast,10
BlueCheese,4
BrieCarreCheese,1
CalabreseSalami,4
Capocollo,16
CaramelizedOnions,1
Chicken,20
ChipotleSauce,8
ChorizoSausage,4
Cilantro,8
CoarseSicilianSalami,4
Corn,8
Eggplant,4
FetaCheese,22
FontinaCheese,8
FriggitelloPeppers,4
Garlic,81
GenoaSalami,4
GoatCheese,8
GorgonzolaPiccanteCheese,4
GoudaCheese,4
GreenOlives,16
GreenPeppers,12
ItalianSausage,4
JalapenoPeppers,12
KalamataOlives,18
LuganegaSausage,4
MozzarellaCheese,23
Mushrooms,27
Onions,4
Oregano,4
Pancetta,4
ParmigianoReggianoCheese,4
Pears,1
Peperonciniverdi,4
Pepperoni,23
PestoSauce,12
Pineapple,8
PlumTomatoes,4
Prosciutto,1
ProsciuttodiSanDaniele,4
ProvoloneCheese,4
RedOnions,57
RedPeppers,39
RicottaCheese,4
RomanoCheese,4
SlicedHam,4
SmokedGoudaCheese,4
SoppressataSalami,4
Spinach,31
Sun-driedTomatoes,8
ThaiSweetChilliSauce,4
Thyme,1
Tomatoes,76
Zucchini,8
ï¿½NdujaSalami,4
